File,aid,Date,2116,2120,2185,2189,63999
_250m_16_days_VI_Quality_2001145_aid0001,aid0001,2001-05-25 00:00:00+00:00,14025,,,,
_250m_16_days_VI_Quality_2001161_aid0001,aid0001,2001-06-10 00:00:00+00:00,13769,256.0,,,
_250m_16_days_VI_Quality_2001177_aid0001,aid0001,2001-06-26 00:00:00+00:00,13998,24.0,,,3.0
_250m_16_days_VI_Quality_2001193_aid0001,aid0001,2001-07-12 00:00:00+00:00,13978,47.0,,,
_250m_16_days_VI_Quality_2001209_aid0001,aid0001,2001-07-28 00:00:00+00:00,14012,13.0,,,
_250m_16_days_VI_Quality_2001225_aid0001,aid0001,2001-08-13 00:00:00+00:00,14002,19.0,4.0,,
_250m_16_days_VI_Quality_2001241_aid0001,aid0001,2001-08-29 00:00:00+00:00,13979,32.0,14.0,,
_250m_16_days_VI_Quality_2002145_aid0001,aid0001,2002-05-25 00:00:00+00:00,14011,14.0,,,
_250m_16_days_VI_Quality_2002161_aid0001,aid0001,2002-06-10 00:00:00+00:00,14004,21.0,,,
_250m_16_days_VI_Quality_2002177_aid0001,aid0001,2002-06-26 00:00:00+00:00,13955,56.0,14.0,,
_250m_16_days_VI_Quality_2002193_aid0001,aid0001,2002-07-12 00:00:00+00:00,13983,42.0,,,
_250m_16_days_VI_Quality_2002209_aid0001,aid0001,2002-07-28 00:00:00+00:00,13998,27.0,,,
_250m_16_days_VI_Quality_2002225_aid0001,aid0001,2002-08-13 00:00:00+00:00,14002,23.0,,,
_250m_16_days_VI_Quality_2002241_aid0001,aid0001,2002-08-29 00:00:00+00:00,13759,266.0,,,
_250m_16_days_VI_Quality_2003145_aid0001,aid0001,2003-05-25 00:00:00+00:00,13737,288.0,,,
_250m_16_days_VI_Quality_2003161_aid0001,aid0001,2003-06-10 00:00:00+00:00,14015,10.0,,,
_250m_16_days_VI_Quality_2003177_aid0001,aid0001,2003-06-26 00:00:00+00:00,13998,27.0,,,
_250m_16_days_VI_Quality_2003193_aid0001,aid0001,2003-07-12 00:00:00+00:00,13995,30.0,,,
_250m_16_days_VI_Quality_2003209_aid0001,aid0001,2003-07-28 00:00:00+00:00,13991,34.0,,,
_250m_16_days_VI_Quality_2003225_aid0001,aid0001,2003-08-13 00:00:00+00:00,14001,24.0,,,
_250m_16_days_VI_Quality_2003241_aid0001,aid0001,2003-08-29 00:00:00+00:00,13993,32.0,,,
_250m_16_days_VI_Quality_2004145_aid0001,aid0001,2004-05-24 00:00:00+00:00,14014,11.0,,,
_250m_16_days_VI_Quality_2004161_aid0001,aid0001,2004-06-09 00:00:00+00:00,13997,28.0,,,
_250m_16_days_VI_Quality_2004177_aid0001,aid0001,2004-06-25 00:00:00+00:00,13969,56.0,,,
_250m_16_days_VI_Quality_2004193_aid0001,aid0001,2004-07-11 00:00:00+00:00,13951,74.0,,,
_250m_16_days_VI_Quality_2004209_aid0001,aid0001,2004-07-27 00:00:00+00:00,13979,46.0,,,
_250m_16_days_VI_Quality_2004225_aid0001,aid0001,2004-08-12 00:00:00+00:00,13938,87.0,,,
_250m_16_days_VI_Quality_2004241_aid0001,aid0001,2004-08-28 00:00:00+00:00,13969,56.0,,,
_250m_16_days_VI_Quality_2005145_aid0001,aid0001,2005-05-25 00:00:00+00:00,14001,24.0,,,
_250m_16_days_VI_Quality_2005161_aid0001,aid0001,2005-06-10 00:00:00+00:00,13970,55.0,,,
_250m_16_days_VI_Quality_2005177_aid0001,aid0001,2005-06-26 00:00:00+00:00,13977,48.0,,,
_250m_16_days_VI_Quality_2005193_aid0001,aid0001,2005-07-12 00:00:00+00:00,13991,34.0,,,
_250m_16_days_VI_Quality_2005209_aid0001,aid0001,2005-07-28 00:00:00+00:00,13933,92.0,,,
_250m_16_days_VI_Quality_2005225_aid0001,aid0001,2005-08-13 00:00:00+00:00,13971,18.0,31.0,5.0,
_250m_16_days_VI_Quality_2005241_aid0001,aid0001,2005-08-29 00:00:00+00:00,14012,13.0,,,
_250m_16_days_VI_Quality_2006145_aid0001,aid0001,2006-05-25 00:00:00+00:00,13991,34.0,,,
_250m_16_days_VI_Quality_2006161_aid0001,aid0001,2006-06-10 00:00:00+00:00,14025,,,,
_250m_16_days_VI_Quality_2006177_aid0001,aid0001,2006-06-26 00:00:00+00:00,14005,20.0,,,
_250m_16_days_VI_Quality_2006193_aid0001,aid0001,2006-07-12 00:00:00+00:00,13956,69.0,,,
_250m_16_days_VI_Quality_2006209_aid0001,aid0001,2006-07-28 00:00:00+00:00,13959,66.0,,,
_250m_16_days_VI_Quality_2006225_aid0001,aid0001,2006-08-13 00:00:00+00:00,14012,13.0,,,
_250m_16_days_VI_Quality_2006241_aid0001,aid0001,2006-08-29 00:00:00+00:00,13997,28.0,,,
_250m_16_days_VI_Quality_2007145_aid0001,aid0001,2007-05-25 00:00:00+00:00,13977,48.0,,,
_250m_16_days_VI_Quality_2007161_aid0001,aid0001,2007-06-10 00:00:00+00:00,13961,64.0,,,
_250m_16_days_VI_Quality_2007177_aid0001,aid0001,2007-06-26 00:00:00+00:00,13909,116.0,,,
_250m_16_days_VI_Quality_2007193_aid0001,aid0001,2007-07-12 00:00:00+00:00,13897,128.0,,,
_250m_16_days_VI_Quality_2007209_aid0001,aid0001,2007-07-28 00:00:00+00:00,13913,112.0,,,
_250m_16_days_VI_Quality_2007225_aid0001,aid0001,2007-08-13 00:00:00+00:00,13926,99.0,,,
_250m_16_days_VI_Quality_2007241_aid0001,aid0001,2007-08-29 00:00:00+00:00,13963,62.0,,,
_250m_16_days_VI_Quality_2008145_aid0001,aid0001,2008-05-24 00:00:00+00:00,13990,35.0,,,
_250m_16_days_VI_Quality_2008161_aid0001,aid0001,2008-06-09 00:00:00+00:00,13965,60.0,,,
_250m_16_days_VI_Quality_2008177_aid0001,aid0001,2008-06-25 00:00:00+00:00,13978,47.0,,,
_250m_16_days_VI_Quality_2008193_aid0001,aid0001,2008-07-11 00:00:00+00:00,13944,81.0,,,
_250m_16_days_VI_Quality_2008209_aid0001,aid0001,2008-07-27 00:00:00+00:00,13931,94.0,,,
_250m_16_days_VI_Quality_2008225_aid0001,aid0001,2008-08-12 00:00:00+00:00,13975,50.0,,,
_250m_16_days_VI_Quality_2008241_aid0001,aid0001,2008-08-28 00:00:00+00:00,14015,,10.0,,
_250m_16_days_VI_Quality_2009145_aid0001,aid0001,2009-05-25 00:00:00+00:00,13962,63.0,,,
_250m_16_days_VI_Quality_2009161_aid0001,aid0001,2009-06-10 00:00:00+00:00,13942,78.0,5.0,,
_250m_16_days_VI_Quality_2009177_aid0001,aid0001,2009-06-26 00:00:00+00:00,13914,110.0,1.0,,
_250m_16_days_VI_Quality_2009193_aid0001,aid0001,2009-07-12 00:00:00+00:00,13954,71.0,,,
_250m_16_days_VI_Quality_2009209_aid0001,aid0001,2009-07-28 00:00:00+00:00,13938,87.0,,,
_250m_16_days_VI_Quality_2009225_aid0001,aid0001,2009-08-13 00:00:00+00:00,13987,38.0,,,
_250m_16_days_VI_Quality_2009241_aid0001,aid0001,2009-08-29 00:00:00+00:00,13913,112.0,,,
_250m_16_days_VI_Quality_2010145_aid0001,aid0001,2010-05-25 00:00:00+00:00,13840,138.0,47.0,,
_250m_16_days_VI_Quality_2010161_aid0001,aid0001,2010-06-10 00:00:00+00:00,13947,73.0,5.0,,
_250m_16_days_VI_Quality_2010177_aid0001,aid0001,2010-06-26 00:00:00+00:00,13874,146.0,,5.0,
_250m_16_days_VI_Quality_2010193_aid0001,aid0001,2010-07-12 00:00:00+00:00,13903,118.0,,4.0,
_250m_16_days_VI_Quality_2010209_aid0001,aid0001,2010-07-28 00:00:00+00:00,13852,33.0,125.0,15.0,
_250m_16_days_VI_Quality_2010225_aid0001,aid0001,2010-08-13 00:00:00+00:00,13978,42.0,5.0,,
_250m_16_days_VI_Quality_2010241_aid0001,aid0001,2010-08-29 00:00:00+00:00,13920,105.0,,,
_250m_16_days_VI_Quality_2011145_aid0001,aid0001,2011-05-25 00:00:00+00:00,13911,111.0,3.0,,
_250m_16_days_VI_Quality_2011161_aid0001,aid0001,2011-06-10 00:00:00+00:00,13978,36.0,9.0,2.0,
_250m_16_days_VI_Quality_2011177_aid0001,aid0001,2011-06-26 00:00:00+00:00,13926,90.0,9.0,,
_250m_16_days_VI_Quality_2011193_aid0001,aid0001,2011-07-12 00:00:00+00:00,13945,78.0,2.0,,
_250m_16_days_VI_Quality_2011209_aid0001,aid0001,2011-07-28 00:00:00+00:00,13959,62.0,4.0,,
_250m_16_days_VI_Quality_2011225_aid0001,aid0001,2011-08-13 00:00:00+00:00,13948,77.0,,,
_250m_16_days_VI_Quality_2011241_aid0001,aid0001,2011-08-29 00:00:00+00:00,13974,49.0,,2.0,
_250m_16_days_VI_Quality_2012145_aid0001,aid0001,2012-05-24 00:00:00+00:00,13913,111.0,1.0,,
_250m_16_days_VI_Quality_2012161_aid0001,aid0001,2012-06-09 00:00:00+00:00,13935,40.0,50.0,,
_250m_16_days_VI_Quality_2012177_aid0001,aid0001,2012-06-25 00:00:00+00:00,13891,134.0,,,
_250m_16_days_VI_Quality_2012193_aid0001,aid0001,2012-07-11 00:00:00+00:00,13973,47.0,1.0,4.0,
_250m_16_days_VI_Quality_2012209_aid0001,aid0001,2012-07-27 00:00:00+00:00,13887,127.0,11.0,,
_250m_16_days_VI_Quality_2012225_aid0001,aid0001,2012-08-12 00:00:00+00:00,13891,133.0,1.0,,
_250m_16_days_VI_Quality_2012241_aid0001,aid0001,2012-08-28 00:00:00+00:00,13942,83.0,,,
_250m_16_days_VI_Quality_2013145_aid0001,aid0001,2013-05-25 00:00:00+00:00,13984,,41.0,,
_250m_16_days_VI_Quality_2013161_aid0001,aid0001,2013-06-10 00:00:00+00:00,13863,162.0,,,
_250m_16_days_VI_Quality_2013177_aid0001,aid0001,2013-06-26 00:00:00+00:00,13839,186.0,,,
_250m_16_days_VI_Quality_2013193_aid0001,aid0001,2013-07-12 00:00:00+00:00,13831,190.0,4.0,,
_250m_16_days_VI_Quality_2013209_aid0001,aid0001,2013-07-28 00:00:00+00:00,13834,191.0,,,
_250m_16_days_VI_Quality_2013225_aid0001,aid0001,2013-08-13 00:00:00+00:00,13868,154.0,1.0,2.0,
_250m_16_days_VI_Quality_2013241_aid0001,aid0001,2013-08-29 00:00:00+00:00,13946,79.0,,,
_250m_16_days_VI_Quality_2014145_aid0001,aid0001,2014-05-25 00:00:00+00:00,13940,79.0,6.0,,
_250m_16_days_VI_Quality_2014161_aid0001,aid0001,2014-06-10 00:00:00+00:00,13917,108.0,,,
_250m_16_days_VI_Quality_2014177_aid0001,aid0001,2014-06-26 00:00:00+00:00,13952,73.0,,,
_250m_16_days_VI_Quality_2014193_aid0001,aid0001,2014-07-12 00:00:00+00:00,13919,106.0,,,
_250m_16_days_VI_Quality_2014209_aid0001,aid0001,2014-07-28 00:00:00+00:00,13919,101.0,5.0,,
_250m_16_days_VI_Quality_2014225_aid0001,aid0001,2014-08-13 00:00:00+00:00,13963,57.0,5.0,,
_250m_16_days_VI_Quality_2014241_aid0001,aid0001,2014-08-29 00:00:00+00:00,13952,63.0,10.0,,
_250m_16_days_VI_Quality_2015145_aid0001,aid0001,2015-05-25 00:00:00+00:00,11653,2346.0,21.0,5.0,
_250m_16_days_VI_Quality_2015161_aid0001,aid0001,2015-06-10 00:00:00+00:00,13884,141.0,,,
_250m_16_days_VI_Quality_2015177_aid0001,aid0001,2015-06-26 00:00:00+00:00,13909,116.0,,,
_250m_16_days_VI_Quality_2015193_aid0001,aid0001,2015-07-12 00:00:00+00:00,13868,156.0,1.0,,
_250m_16_days_VI_Quality_2015209_aid0001,aid0001,2015-07-28 00:00:00+00:00,12907,31.0,1008.0,79.0,
_250m_16_days_VI_Quality_2015225_aid0001,aid0001,2015-08-13 00:00:00+00:00,13887,108.0,30.0,,
_250m_16_days_VI_Quality_2015241_aid0001,aid0001,2015-08-29 00:00:00+00:00,13905,101.0,14.0,5.0,
_250m_16_days_VI_Quality_2016145_aid0001,aid0001,2016-05-24 00:00:00+00:00,13818,207.0,,,
_250m_16_days_VI_Quality_2016161_aid0001,aid0001,2016-06-09 00:00:00+00:00,13880,123.0,22.0,,
_250m_16_days_VI_Quality_2016177_aid0001,aid0001,2016-06-25 00:00:00+00:00,13826,187.0,9.0,3.0,
_250m_16_days_VI_Quality_2016193_aid0001,aid0001,2016-07-11 00:00:00+00:00,13922,94.0,4.0,5.0,
_250m_16_days_VI_Quality_2016209_aid0001,aid0001,2016-07-27 00:00:00+00:00,13921,71.0,23.0,10.0,
_250m_16_days_VI_Quality_2016225_aid0001,aid0001,2016-08-12 00:00:00+00:00,13969,41.0,15.0,,
_250m_16_days_VI_Quality_2016241_aid0001,aid0001,2016-08-28 00:00:00+00:00,13948,53.0,24.0,,
_250m_16_days_VI_Quality_2017145_aid0001,aid0001,2017-05-25 00:00:00+00:00,13972,53.0,,,
_250m_16_days_VI_Quality_2017161_aid0001,aid0001,2017-06-10 00:00:00+00:00,13851,174.0,,,
_250m_16_days_VI_Quality_2017177_aid0001,aid0001,2017-06-26 00:00:00+00:00,13940,71.0,4.0,10.0,
_250m_16_days_VI_Quality_2017193_aid0001,aid0001,2017-07-12 00:00:00+00:00,12409,7.0,1607.0,2.0,
_250m_16_days_VI_Quality_2017209_aid0001,aid0001,2017-07-28 00:00:00+00:00,13647,94.0,280.0,4.0,
_250m_16_days_VI_Quality_2017225_aid0001,aid0001,2017-08-13 00:00:00+00:00,13697,14.0,300.0,14.0,
_250m_16_days_VI_Quality_2017241_aid0001,aid0001,2017-08-29 00:00:00+00:00,13612,46.0,352.0,15.0,
_250m_16_days_VI_Quality_2018145_aid0001,aid0001,2018-05-25 00:00:00+00:00,13993,11.0,16.0,5.0,
_250m_16_days_VI_Quality_2018161_aid0001,aid0001,2018-06-10 00:00:00+00:00,13924,101.0,,,
_250m_16_days_VI_Quality_2018177_aid0001,aid0001,2018-06-26 00:00:00+00:00,13720,169.0,136.0,,
_250m_16_days_VI_Quality_2018193_aid0001,aid0001,2018-07-12 00:00:00+00:00,13899,126.0,,,
_250m_16_days_VI_Quality_2018209_aid0001,aid0001,2018-07-28 00:00:00+00:00,13855,170.0,,,
_250m_16_days_VI_Quality_2018225_aid0001,aid0001,2018-08-13 00:00:00+00:00,13920,105.0,,,
_250m_16_days_VI_Quality_2018241_aid0001,aid0001,2018-08-29 00:00:00+00:00,13887,66.0,72.0,,
_250m_16_days_VI_Quality_2019145_aid0001,aid0001,2019-05-25 00:00:00+00:00,13914,45.0,62.0,4.0,
_250m_16_days_VI_Quality_2019161_aid0001,aid0001,2019-06-10 00:00:00+00:00,13936,89.0,,,
_250m_16_days_VI_Quality_2019177_aid0001,aid0001,2019-06-26 00:00:00+00:00,13914,111.0,,,
_250m_16_days_VI_Quality_2019193_aid0001,aid0001,2019-07-12 00:00:00+00:00,13960,61.0,1.0,3.0,
_250m_16_days_VI_Quality_2019209_aid0001,aid0001,2019-07-28 00:00:00+00:00,13876,147.0,2.0,,
_250m_16_days_VI_Quality_2019225_aid0001,aid0001,2019-08-13 00:00:00+00:00,13970,54.0,1.0,,
_250m_16_days_VI_Quality_2019241_aid0001,aid0001,2019-08-29 00:00:00+00:00,13976,40.0,5.0,4.0,
_250m_16_days_VI_Quality_2020145_aid0001,aid0001,2020-05-24 00:00:00+00:00,13844,181.0,,,
_250m_16_days_VI_Quality_2020161_aid0001,aid0001,2020-06-09 00:00:00+00:00,13953,72.0,,,
_250m_16_days_VI_Quality_2020177_aid0001,aid0001,2020-06-25 00:00:00+00:00,13901,124.0,,,
_250m_16_days_VI_Quality_2020193_aid0001,aid0001,2020-07-11 00:00:00+00:00,13898,127.0,,,
_250m_16_days_VI_Quality_2020209_aid0001,aid0001,2020-07-27 00:00:00+00:00,14000,24.0,,1.0,
_250m_16_days_VI_Quality_2020225_aid0001,aid0001,2020-08-12 00:00:00+00:00,13888,137.0,,,
_250m_16_days_VI_Quality_2020241_aid0001,aid0001,2020-08-28 00:00:00+00:00,13894,42.0,85.0,4.0,
_250m_16_days_VI_Quality_2021145_aid0001,aid0001,2021-05-25 00:00:00+00:00,13891,134.0,,,
_250m_16_days_VI_Quality_2021161_aid0001,aid0001,2021-06-10 00:00:00+00:00,13953,72.0,,,
_250m_16_days_VI_Quality_2021177_aid0001,aid0001,2021-06-26 00:00:00+00:00,13866,159.0,,,
_250m_16_days_VI_Quality_2021193_aid0001,aid0001,2021-07-12 00:00:00+00:00,13849,151.0,25.0,,
_250m_16_days_VI_Quality_2021209_aid0001,aid0001,2021-07-28 00:00:00+00:00,13928,46.0,42.0,9.0,
_250m_16_days_VI_Quality_2021225_aid0001,aid0001,2021-08-13 00:00:00+00:00,13831,192.0,2.0,,
_250m_16_days_VI_Quality_2021241_aid0001,aid0001,2021-08-29 00:00:00+00:00,13946,30.0,48.0,1.0,
_250m_16_days_VI_Quality_2022145_aid0001,aid0001,2022-05-25 00:00:00+00:00,13656,139.0,225.0,5.0,
_250m_16_days_VI_Quality_2022161_aid0001,aid0001,2022-06-10 00:00:00+00:00,13966,55.0,4.0,,
_250m_16_days_VI_Quality_2022177_aid0001,aid0001,2022-06-26 00:00:00+00:00,13878,147.0,,,
_250m_16_days_VI_Quality_2022193_aid0001,aid0001,2022-07-12 00:00:00+00:00,13891,133.0,,1.0,
_250m_16_days_VI_Quality_2022209_aid0001,aid0001,2022-07-28 00:00:00+00:00,13997,24.0,4.0,,
_250m_16_days_VI_Quality_2022225_aid0001,aid0001,2022-08-13 00:00:00+00:00,13930,95.0,,,
_250m_16_days_VI_Quality_2022241_aid0001,aid0001,2022-08-29 00:00:00+00:00,13982,43.0,,,
