File Name,Dataset,aid,Date,Count,Minimum,Maximum,Range,Mean,Standard Deviation,Variance,Upper Quartile,Upper 1.5 IQR,Median,Lower 1.5 IQR,Lower Quartile
MOD13Q1_061__250m_16_days_NDVI_doy2001145000000_aid0001,_250m_16_days_NDVI,aid0001,2001-05-25,14025.0,0.0976,0.7895,"(0.0976,0.7895)",0.1482557,0.04537,0.0020584,0.1389,0.1509,0.1343,0.1189,0.1309
MOD13Q1_061__250m_16_days_NDVI_doy2001161000000_aid0001,_250m_16_days_NDVI,aid0001,2001-06-10,14025.0,0.0911,0.8087,"(0.0911,0.8087)",0.1410143,0.0308137,0.0009495,0.1379,0.1494,0.134,0.1187,0.1302
MOD13Q1_061__250m_16_days_NDVI_doy2001177000000_aid0001,_250m_16_days_NDVI,aid0001,2001-06-26,14022.0,0.0835,0.7797,"(0.0835,0.7797)",0.1371897,0.0301673,0.0009101,0.1404,0.1588,0.1351,0.1097,0.1281
MOD13Q1_061__250m_16_days_NDVI_doy2001193000000_aid0001,_250m_16_days_NDVI,aid0001,2001-07-12,14025.0,0.0938,0.795,"(0.0938,0.795)",0.1370257,0.0334193,0.0011168,0.1367,0.1484,0.133,0.1172,0.1289
MOD13Q1_061__250m_16_days_NDVI_doy2001209000000_aid0001,_250m_16_days_NDVI,aid0001,2001-07-28,14025.0,0.0928,0.7603,"(0.0928,0.7603)",0.137204,0.0345199,0.0011916,0.1369,0.1486,0.1334,0.1174,0.1291
MOD13Q1_061__250m_16_days_NDVI_doy2001225000000_aid0001,_250m_16_days_NDVI,aid0001,2001-08-13,14025.0,0.0863,0.6991,"(0.0863,0.6991)",0.1343239,0.0306561,0.0009398,0.1355,0.1478,0.1317,0.115,0.1273
MOD13Q1_061__250m_16_days_NDVI_doy2001241000000_aid0001,_250m_16_days_NDVI,aid0001,2001-08-29,14025.0,0.088,0.8203,"(0.088,0.8203)",0.1322358,0.0363486,0.0013212,0.1329,0.1458,0.1295,0.1114,0.1243
MOD13Q1_061__250m_16_days_NDVI_doy2002145000000_aid0001,_250m_16_days_NDVI,aid0001,2002-05-25,14025.0,0.0938,0.7696,"(0.0938,0.7696)",0.1578643,0.0509792,0.0025989,0.1546,0.1852,0.1388,0.1039,0.1342
MOD13Q1_061__250m_16_days_NDVI_doy2002161000000_aid0001,_250m_16_days_NDVI,aid0001,2002-06-10,14025.0,0.0885,0.8181,"(0.0885,0.8181)",0.147606,0.0394415,0.0015556,0.1451,0.1637,0.1368,0.1142,0.1327
MOD13Q1_061__250m_16_days_NDVI_doy2002177000000_aid0001,_250m_16_days_NDVI,aid0001,2002-06-26,14025.0,0.0958,0.7756,"(0.0958,0.7756)",0.1450569,0.0360889,0.0013024,0.143,0.1577,0.1376,0.1185,0.1332
MOD13Q1_061__250m_16_days_NDVI_doy2002193000000_aid0001,_250m_16_days_NDVI,aid0001,2002-07-12,14025.0,0.0953,0.7536,"(0.0953,0.7536)",0.1417896,0.0380038,0.0014443,0.1399,0.1538,0.1355,0.1167,0.1306
MOD13Q1_061__250m_16_days_NDVI_doy2002209000000_aid0001,_250m_16_days_NDVI,aid0001,2002-07-28,14025.0,0.093,0.7254,"(0.093,0.7254)",0.1389099,0.0348042,0.0012113,0.1392,0.1528,0.1353,0.1165,0.1301
MOD13Q1_061__250m_16_days_NDVI_doy2002225000000_aid0001,_250m_16_days_NDVI,aid0001,2002-08-13,14025.0,0.0886,0.7968,"(0.0886,0.7968)",0.1378137,0.0402627,0.0016211,0.1373,0.1515,0.1334,0.1136,0.1278
MOD13Q1_061__250m_16_days_NDVI_doy2002241000000_aid0001,_250m_16_days_NDVI,aid0001,2002-08-29,14025.0,0.0967,0.7793,"(0.0967,0.7793)",0.1380393,0.0360274,0.001298,0.1383,0.1523,0.1346,0.1148,0.1289
MOD13Q1_061__250m_16_days_NDVI_doy2003145000000_aid0001,_250m_16_days_NDVI,aid0001,2003-05-25,14025.0,0.0923,0.799,"(0.0923,0.799)",0.1522323,0.0468004,0.0021903,0.1446,0.1618,0.1371,0.1159,0.1331
MOD13Q1_061__250m_16_days_NDVI_doy2003161000000_aid0001,_250m_16_days_NDVI,aid0001,2003-06-10,14025.0,0.097,0.7841,"(0.097,0.7841)",0.1479259,0.0431355,0.0018607,0.1443,0.1606,0.1385,0.1171,0.1334
MOD13Q1_061__250m_16_days_NDVI_doy2003177000000_aid0001,_250m_16_days_NDVI,aid0001,2003-06-26,14025.0,0.0963,0.7892,"(0.0963,0.7892)",0.1434893,0.0424186,0.0017993,0.1409,0.1562,0.1361,0.1154,0.1307
MOD13Q1_061__250m_16_days_NDVI_doy2003193000000_aid0001,_250m_16_days_NDVI,aid0001,2003-07-12,14025.0,0.0968,0.8188,"(0.0968,0.8188)",0.1427269,0.0446362,0.0019924,0.1402,0.1549,0.1357,0.1157,0.1304
MOD13Q1_061__250m_16_days_NDVI_doy2003209000000_aid0001,_250m_16_days_NDVI,aid0001,2003-07-28,14025.0,0.0823,0.807,"(0.0823,0.807)",0.1383476,0.0392663,0.0015418,0.1374,0.1527,0.1334,0.1119,0.1272
MOD13Q1_061__250m_16_days_NDVI_doy2003225000000_aid0001,_250m_16_days_NDVI,aid0001,2003-08-13,14025.0,0.0885,0.7456,"(0.0885,0.7456)",0.1392451,0.040507,0.0016408,0.138,0.1525,0.134,0.1138,0.1283
MOD13Q1_061__250m_16_days_NDVI_doy2003241000000_aid0001,_250m_16_days_NDVI,aid0001,2003-08-29,14025.0,0.0824,0.7695,"(0.0824,0.7695)",0.1365567,0.0419138,0.0017568,0.1354,0.1501,0.131,0.1109,0.1256
MOD13Q1_061__250m_16_days_NDVI_doy2004145000000_aid0001,_250m_16_days_NDVI,aid0001,2004-05-24,14025.0,0.0926,0.8091,"(0.0926,0.8091)",0.1596567,0.058304,0.0033994,0.1605,0.202,0.137,0.0926,0.1328
MOD13Q1_061__250m_16_days_NDVI_doy2004161000000_aid0001,_250m_16_days_NDVI,aid0001,2004-06-09,14025.0,0.0979,0.8354,"(0.0979,0.8354)",0.1508928,0.0550027,0.0030253,0.147,0.1702,0.1364,0.1085,0.1315
MOD13Q1_061__250m_16_days_NDVI_doy2004177000000_aid0001,_250m_16_days_NDVI,aid0001,2004-06-25,14025.0,0.0869,0.8119,"(0.0869,0.8119)",0.1496336,0.0545664,0.0029775,0.1442,0.1626,0.1375,0.1135,0.1319
MOD13Q1_061__250m_16_days_NDVI_doy2004193000000_aid0001,_250m_16_days_NDVI,aid0001,2004-07-11,14025.0,0.0953,0.7966,"(0.0953,0.7966)",0.143993,0.0470104,0.00221,0.1416,0.1596,0.1355,0.1117,0.1296
MOD13Q1_061__250m_16_days_NDVI_doy2004209000000_aid0001,_250m_16_days_NDVI,aid0001,2004-07-27,14025.0,0.0906,0.8209,"(0.0906,0.8209)",0.1446175,0.0522877,0.002734,0.1406,0.1569,0.1361,0.1134,0.1297
MOD13Q1_061__250m_16_days_NDVI_doy2004225000000_aid0001,_250m_16_days_NDVI,aid0001,2004-08-12,14025.0,0.0921,0.8593,"(0.0921,0.8593)",0.144487,0.0581163,0.0033775,0.1401,0.1569,0.1352,0.1121,0.1289
MOD13Q1_061__250m_16_days_NDVI_doy2004241000000_aid0001,_250m_16_days_NDVI,aid0001,2004-08-28,14025.0,0.086,0.7887,"(0.086,0.7887)",0.1438448,0.0572661,0.0032794,0.1388,0.1535,0.1342,0.1143,0.129
MOD13Q1_061__250m_16_days_NDVI_doy2005145000000_aid0001,_250m_16_days_NDVI,aid0001,2005-05-25,14025.0,0.099,0.8447,"(0.099,0.8447)",0.1633129,0.0702988,0.0049419,0.1642,0.2084,0.1387,0.099,0.1347
MOD13Q1_061__250m_16_days_NDVI_doy2005161000000_aid0001,_250m_16_days_NDVI,aid0001,2005-06-10,14025.0,0.1013,0.8376,"(0.1013,0.8376)",0.1519175,0.0576773,0.0033267,0.1468,0.1682,0.137,0.1111,0.1325
MOD13Q1_061__250m_16_days_NDVI_doy2005177000000_aid0001,_250m_16_days_NDVI,aid0001,2005-06-26,14025.0,0.0974,0.8351,"(0.0974,0.8351)",0.1508163,0.0622543,0.0038756,0.1443,0.1617,0.1384,0.1153,0.1327
MOD13Q1_061__250m_16_days_NDVI_doy2005193000000_aid0001,_250m_16_days_NDVI,aid0001,2005-07-12,14025.0,0.0964,0.7919,"(0.0964,0.7919)",0.146788,0.0560228,0.0031386,0.1416,0.1575,0.1366,0.1151,0.131
MOD13Q1_061__250m_16_days_NDVI_doy2005209000000_aid0001,_250m_16_days_NDVI,aid0001,2005-07-28,14025.0,0.0877,0.8192,"(0.0877,0.8192)",0.1484539,0.0654113,0.0042786,0.142,0.1594,0.1368,0.113,0.1304
MOD13Q1_061__250m_16_days_NDVI_doy2005225000000_aid0001,_250m_16_days_NDVI,aid0001,2005-08-13,14025.0,0.0914,0.7517,"(0.0914,0.7517)",0.1462918,0.0610924,0.0037323,0.1402,0.1564,0.1351,0.1132,0.1294
MOD13Q1_061__250m_16_days_NDVI_doy2005241000000_aid0001,_250m_16_days_NDVI,aid0001,2005-08-29,14025.0,0.0895,0.8452,"(0.0895,0.8452)",0.1465615,0.0665694,0.0044315,0.1397,0.1559,0.1353,0.1125,0.1288
MOD13Q1_061__250m_16_days_NDVI_doy2006145000000_aid0001,_250m_16_days_NDVI,aid0001,2006-05-25,14025.0,0.0997,0.7053,"(0.0997,0.7053)",0.1638794,0.0697326,0.0048626,0.1612,0.2015,0.138,0.0997,0.1343
MOD13Q1_061__250m_16_days_NDVI_doy2006161000000_aid0001,_250m_16_days_NDVI,aid0001,2006-06-10,14025.0,0.0953,0.7916,"(0.0953,0.7916)",0.162626,0.0796003,0.0063362,0.1497,0.1719,0.1391,0.1127,0.1349
MOD13Q1_061__250m_16_days_NDVI_doy2006177000000_aid0001,_250m_16_days_NDVI,aid0001,2006-06-26,14025.0,0.0902,0.8635,"(0.0902,0.8635)",0.1655803,0.0948499,0.0089965,0.1455,0.1617,0.14,0.1185,0.1347
MOD13Q1_061__250m_16_days_NDVI_doy2006193000000_aid0001,_250m_16_days_NDVI,aid0001,2006-07-12,14025.0,0.0953,0.8314,"(0.0953,0.8314)",0.1652863,0.0921621,0.0084939,0.1445,0.1594,0.1396,0.1195,0.1345
MOD13Q1_061__250m_16_days_NDVI_doy2006209000000_aid0001,_250m_16_days_NDVI,aid0001,2006-07-28,14025.0,0.0966,0.818,"(0.0966,0.818)",0.1669749,0.0981659,0.0096365,0.1439,0.1586,0.1391,0.1192,0.134
MOD13Q1_061__250m_16_days_NDVI_doy2006225000000_aid0001,_250m_16_days_NDVI,aid0001,2006-08-13,14025.0,0.1007,0.807,"(0.1007,0.807)",0.1663293,0.0965665,0.0093251,0.1436,0.1578,0.1391,0.1196,0.134
MOD13Q1_061__250m_16_days_NDVI_doy2006241000000_aid0001,_250m_16_days_NDVI,aid0001,2006-08-29,14025.0,0.0973,0.8232,"(0.0973,0.8232)",0.1662886,0.1029281,0.0105942,0.1415,0.1562,0.1364,0.1168,0.1316
MOD13Q1_061__250m_16_days_NDVI_doy2007145000000_aid0001,_250m_16_days_NDVI,aid0001,2007-05-25,14025.0,0.1016,0.8459,"(0.1016,0.8459)",0.1806307,0.0999905,0.0099981,0.1776,0.2356,0.143,0.1016,0.1389
MOD13Q1_061__250m_16_days_NDVI_doy2007161000000_aid0001,_250m_16_days_NDVI,aid0001,2007-06-10,14025.0,0.0983,0.8402,"(0.0983,0.8402)",0.176122,0.1095077,0.0119919,0.1622,0.2018,0.1404,0.0983,0.1358
MOD13Q1_061__250m_16_days_NDVI_doy2007177000000_aid0001,_250m_16_days_NDVI,aid0001,2007-06-26,14025.0,0.0956,0.8663,"(0.0956,0.8663)",0.1737645,0.1054995,0.0111302,0.1515,0.1725,0.1422,0.1166,0.1375
MOD13Q1_061__250m_16_days_NDVI_doy2007193000000_aid0001,_250m_16_days_NDVI,aid0001,2007-07-12,14025.0,0.0969,0.8534,"(0.0969,0.8534)",0.176757,0.1155014,0.0133406,0.1488,0.1666,0.1419,0.1191,0.1369
MOD13Q1_061__250m_16_days_NDVI_doy2007209000000_aid0001,_250m_16_days_NDVI,aid0001,2007-07-28,14025.0,0.0988,0.8257,"(0.0988,0.8257)",0.1748674,0.1091056,0.011904,0.147,0.1651,0.1399,0.1168,0.1349
MOD13Q1_061__250m_16_days_NDVI_doy2007225000000_aid0001,_250m_16_days_NDVI,aid0001,2007-08-13,14025.0,0.1005,0.8249,"(0.1005,0.8249)",0.1774272,0.1140516,0.0130078,0.1458,0.1627,0.1395,0.1176,0.1345
MOD13Q1_061__250m_16_days_NDVI_doy2007241000000_aid0001,_250m_16_days_NDVI,aid0001,2007-08-29,14025.0,0.0931,0.8315,"(0.0931,0.8315)",0.1788115,0.1230025,0.0151296,0.1431,0.1597,0.137,0.1154,0.132
MOD13Q1_061__250m_16_days_NDVI_doy2008145000000_aid0001,_250m_16_days_NDVI,aid0001,2008-05-24,14025.0,0.1031,0.8565,"(0.1031,0.8565)",0.2072817,0.1404906,0.0197376,0.2049,0.302,0.1444,0.1031,0.14
MOD13Q1_061__250m_16_days_NDVI_doy2008161000000_aid0001,_250m_16_days_NDVI,aid0001,2008-06-09,14025.0,0.1057,0.8546,"(0.1057,0.8546)",0.2014461,0.1420836,0.0201878,0.1769,0.2346,0.1428,0.1057,0.1381
MOD13Q1_061__250m_16_days_NDVI_doy2008177000000_aid0001,_250m_16_days_NDVI,aid0001,2008-06-25,14025.0,0.0979,0.8682,"(0.0979,0.8682)",0.2038442,0.1486046,0.0220833,0.1728,0.2261,0.1421,0.0979,0.1372
MOD13Q1_061__250m_16_days_NDVI_doy2008193000000_aid0001,_250m_16_days_NDVI,aid0001,2008-07-11,14025.0,0.1022,0.8254,"(0.1022,0.8254)",0.2006807,0.1386777,0.0192315,0.1721,0.2252,0.1412,0.1022,0.1367
MOD13Q1_061__250m_16_days_NDVI_doy2008209000000_aid0001,_250m_16_days_NDVI,aid0001,2008-07-27,14025.0,0.1049,0.8655,"(0.1049,0.8655)",0.2106652,0.1576361,0.0248491,0.1765,0.2363,0.1413,0.1049,0.1366
MOD13Q1_061__250m_16_days_NDVI_doy2008225000000_aid0001,_250m_16_days_NDVI,aid0001,2008-08-12,14025.0,0.1023,0.8431,"(0.1023,0.8431)",0.2107725,0.1482829,0.0219878,0.1852,0.2567,0.1424,0.1023,0.1375
MOD13Q1_061__250m_16_days_NDVI_doy2008241000000_aid0001,_250m_16_days_NDVI,aid0001,2008-08-28,14025.0,0.1001,0.8256,"(0.1001,0.8256)",0.210275,0.1496516,0.0223956,0.191,0.2761,0.1383,0.1001,0.1341
MOD13Q1_061__250m_16_days_NDVI_doy2009145000000_aid0001,_250m_16_days_NDVI,aid0001,2009-05-25,14025.0,0.1018,0.8323,"(0.1018,0.8323)",0.2080227,0.1378321,0.0189977,0.216,0.3396,0.1378,0.1018,0.1336
MOD13Q1_061__250m_16_days_NDVI_doy2009161000000_aid0001,_250m_16_days_NDVI,aid0001,2009-06-10,14025.0,0.0986,0.871,"(0.0986,0.871)",0.211354,0.1611307,0.0259631,0.1881,0.2703,0.1377,0.0986,0.1333
MOD13Q1_061__250m_16_days_NDVI_doy2009177000000_aid0001,_250m_16_days_NDVI,aid0001,2009-06-26,14025.0,0.0999,0.8549,"(0.0999,0.8549)",0.2056682,0.1485528,0.0220679,0.1844,0.2624,0.1373,0.0999,0.1324
MOD13Q1_061__250m_16_days_NDVI_doy2009193000000_aid0001,_250m_16_days_NDVI,aid0001,2009-07-12,14025.0,0.1035,0.8743,"(0.1035,0.8743)",0.2084323,0.1587883,0.0252137,0.1739,0.2351,0.1383,0.1035,0.1331
MOD13Q1_061__250m_16_days_NDVI_doy2009209000000_aid0001,_250m_16_days_NDVI,aid0001,2009-07-28,14025.0,0.0991,0.8563,"(0.0991,0.8563)",0.1988894,0.1401544,0.0196433,0.1728,0.2344,0.1369,0.0991,0.1317
MOD13Q1_061__250m_16_days_NDVI_doy2009225000000_aid0001,_250m_16_days_NDVI,aid0001,2009-08-13,14025.0,0.0957,0.7978,"(0.0957,0.7978)",0.1995055,0.1377201,0.0189668,0.1766,0.2432,0.1369,0.0957,0.1322
MOD13Q1_061__250m_16_days_NDVI_doy2009241000000_aid0001,_250m_16_days_NDVI,aid0001,2009-08-29,14025.0,0.0921,0.8747,"(0.0921,0.8747)",0.2125806,0.1674496,0.0280394,0.1794,0.2514,0.1359,0.0921,0.1312
MOD13Q1_061__250m_16_days_NDVI_doy2010145000000_aid0001,_250m_16_days_NDVI,aid0001,2010-05-25,14025.0,0.0964,0.7835,"(0.0964,0.7835)",0.2108699,0.1452549,0.021099,0.2087,0.3179,0.1404,0.0964,0.1357
MOD13Q1_061__250m_16_days_NDVI_doy2010161000000_aid0001,_250m_16_days_NDVI,aid0001,2010-06-10,14025.0,0.0995,0.8582,"(0.0995,0.8582)",0.2122596,0.151857,0.0230606,0.1938,0.2781,0.1426,0.0995,0.1376
MOD13Q1_061__250m_16_days_NDVI_doy2010177000000_aid0001,_250m_16_days_NDVI,aid0001,2010-06-26,14025.0,0.1008,0.8763,"(0.1008,0.8763)",0.2184469,0.1593549,0.025394,0.1989,0.29,0.1429,0.1008,0.138
MOD13Q1_061__250m_16_days_NDVI_doy2010193000000_aid0001,_250m_16_days_NDVI,aid0001,2010-07-12,14025.0,0.0998,0.8399,"(0.0998,0.8399)",0.2019184,0.1363857,0.0186011,0.1746,0.2307,0.142,0.0998,0.1371
MOD13Q1_061__250m_16_days_NDVI_doy2010209000000_aid0001,_250m_16_days_NDVI,aid0001,2010-07-28,14025.0,0.09,0.7785,"(0.09,0.7785)",0.1912391,0.1180944,0.0139463,0.1762,0.2398,0.1388,0.09,0.1338
MOD13Q1_061__250m_16_days_NDVI_doy2010225000000_aid0001,_250m_16_days_NDVI,aid0001,2010-08-13,14025.0,0.1006,0.8557,"(0.1006,0.8557)",0.2117427,0.1521957,0.0231635,0.1825,0.25,0.1421,0.1006,0.1375
MOD13Q1_061__250m_16_days_NDVI_doy2010241000000_aid0001,_250m_16_days_NDVI,aid0001,2010-08-29,14025.0,0.0985,0.8579,"(0.0985,0.8579)",0.2128782,0.1616822,0.0261411,0.1775,0.2409,0.1407,0.0985,0.1352
MOD13Q1_061__250m_16_days_NDVI_doy2011145000000_aid0001,_250m_16_days_NDVI,aid0001,2011-05-25,14025.0,0.0904,0.858,"(0.0904,0.858)",0.2310301,0.1691702,0.0286186,0.2616,0.4536,0.1389,0.0904,0.1336
MOD13Q1_061__250m_16_days_NDVI_doy2011161000000_aid0001,_250m_16_days_NDVI,aid0001,2011-06-10,14025.0,0.099,0.8774,"(0.099,0.8774)",0.2352073,0.1788522,0.0319881,0.2449,0.4078,0.1413,0.099,0.1363
MOD13Q1_061__250m_16_days_NDVI_doy2011177000000_aid0001,_250m_16_days_NDVI,aid0001,2011-06-26,14025.0,0.1036,0.8477,"(0.1036,0.8477)",0.2340053,0.1730198,0.0299359,0.2483,0.415,0.1422,0.1036,0.1369
MOD13Q1_061__250m_16_days_NDVI_doy2011193000000_aid0001,_250m_16_days_NDVI,aid0001,2011-07-12,14025.0,0.0988,0.8633,"(0.0988,0.8633)",0.2323111,0.1735672,0.0301256,0.2455,0.4087,0.142,0.0988,0.1366
MOD13Q1_061__250m_16_days_NDVI_doy2011209000000_aid0001,_250m_16_days_NDVI,aid0001,2011-07-28,14025.0,0.1003,0.8753,"(0.1003,0.8753)",0.2279069,0.1623513,0.0263579,0.2479,0.4155,0.1418,0.1003,0.1359
MOD13Q1_061__250m_16_days_NDVI_doy2011225000000_aid0001,_250m_16_days_NDVI,aid0001,2011-08-13,14025.0,0.1042,0.8505,"(0.1042,0.8505)",0.232724,0.1679933,0.0282217,0.2672,0.4638,0.1418,0.1042,0.1361
MOD13Q1_061__250m_16_days_NDVI_doy2011241000000_aid0001,_250m_16_days_NDVI,aid0001,2011-08-29,14025.0,0.0956,0.8714,"(0.0956,0.8714)",0.247301,0.1913968,0.0366327,0.2918,0.5277,0.1405,0.0956,0.1345
MOD13Q1_061__250m_16_days_NDVI_doy2012145000000_aid0001,_250m_16_days_NDVI,aid0001,2012-05-24,14025.0,0.0917,0.8594,"(0.0917,0.8594)",0.250261,0.1877525,0.035251,0.3051,0.56,0.1411,0.0917,0.1348
MOD13Q1_061__250m_16_days_NDVI_doy2012161000000_aid0001,_250m_16_days_NDVI,aid0001,2012-06-09,14025.0,0.0948,0.8734,"(0.0948,0.8734)",0.2428427,0.1763478,0.0310985,0.29,0.5234,0.1413,0.0948,0.1344
MOD13Q1_061__250m_16_days_NDVI_doy2012177000000_aid0001,_250m_16_days_NDVI,aid0001,2012-06-25,14025.0,0.0953,0.893,"(0.0953,0.893)",0.2473563,0.1908496,0.0364236,0.2926,0.5275,0.1419,0.0953,0.136
MOD13Q1_061__250m_16_days_NDVI_doy2012193000000_aid0001,_250m_16_days_NDVI,aid0001,2012-07-11,14025.0,0.0966,0.886,"(0.0966,0.886)",0.2465449,0.1850146,0.0342304,0.2952,0.5332,0.1426,0.0966,0.1364
MOD13Q1_061__250m_16_days_NDVI_doy2012209000000_aid0001,_250m_16_days_NDVI,aid0001,2012-07-27,14025.0,0.0965,0.854,"(0.0965,0.854)",0.2407644,0.1764007,0.0311172,0.2981,0.5448,0.1396,0.0965,0.1331
MOD13Q1_061__250m_16_days_NDVI_doy2012225000000_aid0001,_250m_16_days_NDVI,aid0001,2012-08-12,14025.0,0.0899,0.8791,"(0.0899,0.8791)",0.2588467,0.1990085,0.0396044,0.3472,0.6658,0.1408,0.0899,0.1348
MOD13Q1_061__250m_16_days_NDVI_doy2012241000000_aid0001,_250m_16_days_NDVI,aid0001,2012-08-28,14025.0,0.0956,0.9023,"(0.0956,0.9023)",0.2644486,0.2084046,0.0434325,0.3446,0.6584,0.1416,0.0956,0.1353
MOD13Q1_061__250m_16_days_NDVI_doy2013145000000_aid0001,_250m_16_days_NDVI,aid0001,2013-05-25,14025.0,0.0924,0.9034,"(0.0924,0.9034)",0.2517077,0.1864991,0.0347819,0.3084,0.566,0.1437,0.0924,0.1366
MOD13Q1_061__250m_16_days_NDVI_doy2013161000000_aid0001,_250m_16_days_NDVI,aid0001,2013-06-10,14025.0,0.086,0.8954,"(0.086,0.8954)",0.2522791,0.1939035,0.0375985,0.3042,0.5578,0.1417,0.086,0.1351
MOD13Q1_061__250m_16_days_NDVI_doy2013177000000_aid0001,_250m_16_days_NDVI,aid0001,2013-06-26,14025.0,0.0943,0.8863,"(0.0943,0.8863)",0.2518998,0.1933298,0.0373764,0.3071,0.5631,0.1426,0.0943,0.1364
MOD13Q1_061__250m_16_days_NDVI_doy2013193000000_aid0001,_250m_16_days_NDVI,aid0001,2013-07-12,14025.0,0.0994,0.8878,"(0.0994,0.8878)",0.2460384,0.1884185,0.0355015,0.2924,0.5286,0.1408,0.0994,0.1349
MOD13Q1_061__250m_16_days_NDVI_doy2013209000000_aid0001,_250m_16_days_NDVI,aid0001,2013-07-28,14025.0,0.0955,0.8904,"(0.0955,0.8904)",0.2503222,0.1915882,0.036706,0.3004,0.5465,0.1428,0.0955,0.1363
MOD13Q1_061__250m_16_days_NDVI_doy2013225000000_aid0001,_250m_16_days_NDVI,aid0001,2013-08-13,14025.0,0.0938,0.9005,"(0.0938,0.9005)",0.258978,0.2011071,0.0404441,0.3153,0.5816,0.1439,0.0938,0.1376
MOD13Q1_061__250m_16_days_NDVI_doy2013241000000_aid0001,_250m_16_days_NDVI,aid0001,2013-08-29,14025.0,0.0937,0.9023,"(0.0937,0.9023)",0.257998,0.2004174,0.0401671,0.3214,0.5987,0.1426,0.0937,0.1363
MOD13Q1_061__250m_16_days_NDVI_doy2014145000000_aid0001,_250m_16_days_NDVI,aid0001,2014-05-25,14025.0,0.0943,0.8857,"(0.0943,0.8857)",0.2532787,0.1923179,0.0369862,0.2976,0.5359,0.144,0.0943,0.1384
MOD13Q1_061__250m_16_days_NDVI_doy2014161000000_aid0001,_250m_16_days_NDVI,aid0001,2014-06-10,14025.0,0.0923,0.8686,"(0.0923,0.8686)",0.2490737,0.1890397,0.035736,0.2994,0.544,0.1426,0.0923,0.1363
MOD13Q1_061__250m_16_days_NDVI_doy2014177000000_aid0001,_250m_16_days_NDVI,aid0001,2014-06-26,14025.0,0.0919,0.8856,"(0.0919,0.8856)",0.2496008,0.1903395,0.0362291,0.2979,0.5384,0.1433,0.0919,0.1375
MOD13Q1_061__250m_16_days_NDVI_doy2014193000000_aid0001,_250m_16_days_NDVI,aid0001,2014-07-12,14025.0,0.0974,0.8821,"(0.0974,0.8821)",0.2456548,0.1820191,0.0331309,0.2981,0.5384,0.1441,0.0974,0.1379
MOD13Q1_061__250m_16_days_NDVI_doy2014209000000_aid0001,_250m_16_days_NDVI,aid0001,2014-07-28,14025.0,0.087,0.8828,"(0.087,0.8828)",0.2530793,0.1935198,0.0374499,0.305,0.5555,0.144,0.087,0.138
MOD13Q1_061__250m_16_days_NDVI_doy2014225000000_aid0001,_250m_16_days_NDVI,aid0001,2014-08-13,14025.0,0.099,0.8983,"(0.099,0.8983)",0.2592413,0.1986975,0.0394807,0.3166,0.5825,0.1451,0.099,0.1393
MOD13Q1_061__250m_16_days_NDVI_doy2014241000000_aid0001,_250m_16_days_NDVI,aid0001,2014-08-29,14025.0,0.0965,0.8781,"(0.0965,0.8781)",0.2594369,0.204758,0.0419258,0.3125,0.5778,0.1422,0.0965,0.1356
MOD13Q1_061__250m_16_days_NDVI_doy2015145000000_aid0001,_250m_16_days_NDVI,aid0001,2015-05-25,14025.0,0.1017,0.906,"(0.1017,0.906)",0.244802,0.1825277,0.0333164,0.2906,0.5251,0.1416,0.1017,0.1342
MOD13Q1_061__250m_16_days_NDVI_doy2015161000000_aid0001,_250m_16_days_NDVI,aid0001,2015-06-10,14025.0,0.0955,0.9038,"(0.0955,0.9038)",0.2548034,0.202283,0.0409184,0.2997,0.5478,0.1407,0.0955,0.1343
MOD13Q1_061__250m_16_days_NDVI_doy2015177000000_aid0001,_250m_16_days_NDVI,aid0001,2015-06-26,14025.0,0.0879,0.8951,"(0.0879,0.8951)",0.2535338,0.1955573,0.0382427,0.3091,0.5707,0.1413,0.0879,0.1346
MOD13Q1_061__250m_16_days_NDVI_doy2015193000000_aid0001,_250m_16_days_NDVI,aid0001,2015-07-12,14025.0,0.0933,0.8934,"(0.0933,0.8934)",0.2557273,0.1964372,0.0385876,0.3197,0.5957,0.1426,0.0933,0.1356
MOD13Q1_061__250m_16_days_NDVI_doy2015209000000_aid0001,_250m_16_days_NDVI,aid0001,2015-07-28,14025.0,0.106,0.8442,"(0.106,0.8442)",0.223178,0.1498139,0.0224442,0.2705,0.4782,0.1399,0.106,0.132
MOD13Q1_061__250m_16_days_NDVI_doy2015225000000_aid0001,_250m_16_days_NDVI,aid0001,2015-08-13,14025.0,0.098,0.8408,"(0.098,0.8408)",0.2579417,0.1943411,0.0377685,0.341,0.6527,0.1407,0.098,0.1331
MOD13Q1_061__250m_16_days_NDVI_doy2015241000000_aid0001,_250m_16_days_NDVI,aid0001,2015-08-29,14025.0,0.1022,0.8816,"(0.1022,0.8816)",0.2657982,0.2069612,0.0428329,0.3547,0.687,0.1394,0.1022,0.1328
MOD13Q1_061__250m_16_days_NDVI_doy2016145000000_aid0001,_250m_16_days_NDVI,aid0001,2016-05-24,14025.0,0.0935,0.8916,"(0.0935,0.8916)",0.2865345,0.212001,0.0449444,0.4094,0.8135,0.1484,0.0935,0.14
MOD13Q1_061__250m_16_days_NDVI_doy2016161000000_aid0001,_250m_16_days_NDVI,aid0001,2016-06-09,14025.0,0.0975,0.882,"(0.0975,0.882)",0.2737988,0.2001646,0.0400659,0.3767,0.7329,0.1468,0.0975,0.1392
MOD13Q1_061__250m_16_days_NDVI_doy2016177000000_aid0001,_250m_16_days_NDVI,aid0001,2016-06-25,14025.0,0.0947,0.8909,"(0.0947,0.8909)",0.275746,0.2070846,0.042884,0.3871,0.7616,0.1441,0.0947,0.1372
MOD13Q1_061__250m_16_days_NDVI_doy2016193000000_aid0001,_250m_16_days_NDVI,aid0001,2016-07-11,14025.0,0.088,0.8846,"(0.088,0.8846)",0.2748848,0.2051551,0.0420886,0.3808,0.7451,0.1453,0.088,0.1379
MOD13Q1_061__250m_16_days_NDVI_doy2016209000000_aid0001,_250m_16_days_NDVI,aid0001,2016-07-27,14025.0,0.0952,0.9034,"(0.0952,0.9034)",0.276761,0.2080458,0.0432831,0.3854,0.7572,0.1448,0.0952,0.1375
MOD13Q1_061__250m_16_days_NDVI_doy2016225000000_aid0001,_250m_16_days_NDVI,aid0001,2016-08-12,14025.0,0.0928,0.88,"(0.0928,0.88)",0.2766394,0.202449,0.0409856,0.3931,0.7763,0.1456,0.0928,0.1376
MOD13Q1_061__250m_16_days_NDVI_doy2016241000000_aid0001,_250m_16_days_NDVI,aid0001,2016-08-28,14025.0,0.104,0.8687,"(0.104,0.8687)",0.2593704,0.1848333,0.0341633,0.3384,0.639,0.1459,0.104,0.138
MOD13Q1_061__250m_16_days_NDVI_doy2017145000000_aid0001,_250m_16_days_NDVI,aid0001,2017-05-25,14025.0,0.0886,0.8847,"(0.0886,0.8847)",0.2887933,0.2203787,0.0485668,0.4152,0.829,0.1465,0.0886,0.1393
MOD13Q1_061__250m_16_days_NDVI_doy2017161000000_aid0001,_250m_16_days_NDVI,aid0001,2017-06-10,14025.0,0.0901,0.8974,"(0.0901,0.8974)",0.2853676,0.2212089,0.0489334,0.4018,0.7978,0.1452,0.0901,0.1378
MOD13Q1_061__250m_16_days_NDVI_doy2017177000000_aid0001,_250m_16_days_NDVI,aid0001,2017-06-26,14025.0,0.096,0.9042,"(0.096,0.9042)",0.2841656,0.2146607,0.0460792,0.399,0.79,0.1456,0.096,0.1383
MOD13Q1_061__250m_16_days_NDVI_doy2017193000000_aid0001,_250m_16_days_NDVI,aid0001,2017-07-12,14025.0,0.0999,0.7937,"(0.0999,0.7937)",0.2603921,0.174678,0.0305124,0.3533,0.6753,0.1518,0.0999,0.1386
MOD13Q1_061__250m_16_days_NDVI_doy2017209000000_aid0001,_250m_16_days_NDVI,aid0001,2017-07-28,14025.0,0.1011,0.8148,"(0.1011,0.8148)",0.2677227,0.1831738,0.0335526,0.3728,0.7237,0.1486,0.1011,0.1387
MOD13Q1_061__250m_16_days_NDVI_doy2017225000000_aid0001,_250m_16_days_NDVI,aid0001,2017-08-13,14025.0,0.1034,0.8199,"(0.1034,0.8199)",0.2588949,0.1808577,0.0327095,0.3483,0.666,0.145,0.1034,0.1363
MOD13Q1_061__250m_16_days_NDVI_doy2017241000000_aid0001,_250m_16_days_NDVI,aid0001,2017-08-29,14025.0,0.0965,0.8302,"(0.0965,0.8302)",0.2627618,0.1854634,0.0343967,0.3626,0.7026,0.1451,0.0965,0.1357
MOD13Q1_061__250m_16_days_NDVI_doy2018145000000_aid0001,_250m_16_days_NDVI,aid0001,2018-05-25,14025.0,0.1055,0.8955,"(0.1055,0.8955)",0.2662671,0.2046097,0.0418651,0.346,0.6631,0.1416,0.1055,0.1344
MOD13Q1_061__250m_16_days_NDVI_doy2018161000000_aid0001,_250m_16_days_NDVI,aid0001,2018-06-10,14025.0,0.0956,0.9072,"(0.0956,0.9072)",0.2697454,0.2068958,0.0428059,0.3666,0.7159,0.1417,0.0956,0.1337
MOD13Q1_061__250m_16_days_NDVI_doy2018177000000_aid0001,_250m_16_days_NDVI,aid0001,2018-06-26,14025.0,0.0953,0.8448,"(0.0953,0.8448)",0.2578814,0.1852692,0.0343247,0.3455,0.6626,0.1421,0.0953,0.1341
MOD13Q1_061__250m_16_days_NDVI_doy2018193000000_aid0001,_250m_16_days_NDVI,aid0001,2018-07-12,14025.0,0.1007,0.8719,"(0.1007,0.8719)",0.2632481,0.1963853,0.0385672,0.3655,0.7137,0.1395,0.1007,0.1333
MOD13Q1_061__250m_16_days_NDVI_doy2018209000000_aid0001,_250m_16_days_NDVI,aid0001,2018-07-28,14025.0,0.0952,0.874,"(0.0952,0.874)",0.2597464,0.1938544,0.0375795,0.3568,0.694,0.1384,0.0952,0.132
MOD13Q1_061__250m_16_days_NDVI_doy2018225000000_aid0001,_250m_16_days_NDVI,aid0001,2018-08-13,14025.0,0.0904,0.8981,"(0.0904,0.8981)",0.2770658,0.2146362,0.0460687,0.3958,0.7894,0.1399,0.0904,0.1332
MOD13Q1_061__250m_16_days_NDVI_doy2018241000000_aid0001,_250m_16_days_NDVI,aid0001,2018-08-29,14025.0,0.102,0.8269,"(0.102,0.8269)",0.2612931,0.1883627,0.0354805,0.3596,0.6984,0.1426,0.102,0.1337
MOD13Q1_061__250m_16_days_NDVI_doy2019145000000_aid0001,_250m_16_days_NDVI,aid0001,2019-05-25,14025.0,0.1038,0.7955,"(0.1038,0.7955)",0.2421446,0.1681342,0.0282691,0.2876,0.5118,0.1462,0.1038,0.1381
MOD13Q1_061__250m_16_days_NDVI_doy2019161000000_aid0001,_250m_16_days_NDVI,aid0001,2019-06-10,14025.0,0.0965,0.8712,"(0.0965,0.8712)",0.2398972,0.18099,0.0327574,0.2697,0.4719,0.14,0.0965,0.1348
MOD13Q1_061__250m_16_days_NDVI_doy2019177000000_aid0001,_250m_16_days_NDVI,aid0001,2019-06-26,14025.0,0.0994,0.869,"(0.0994,0.869)",0.2440678,0.1848245,0.0341601,0.2774,0.4891,0.1415,0.0994,0.1362
MOD13Q1_061__250m_16_days_NDVI_doy2019193000000_aid0001,_250m_16_days_NDVI,aid0001,2019-07-12,14025.0,0.0955,0.8647,"(0.0955,0.8647)",0.2383581,0.1796307,0.0322672,0.2725,0.4783,0.1402,0.0955,0.135
MOD13Q1_061__250m_16_days_NDVI_doy2019209000000_aid0001,_250m_16_days_NDVI,aid0001,2019-07-28,14025.0,0.0995,0.8456,"(0.0995,0.8456)",0.2311925,0.1668004,0.0278224,0.2578,0.4408,0.141,0.0995,0.1358
MOD13Q1_061__250m_16_days_NDVI_doy2019225000000_aid0001,_250m_16_days_NDVI,aid0001,2019-08-13,14025.0,0.1003,0.8519,"(0.1003,0.8519)",0.2337521,0.1671405,0.0279359,0.2633,0.4527,0.1425,0.1003,0.1367
MOD13Q1_061__250m_16_days_NDVI_doy2019241000000_aid0001,_250m_16_days_NDVI,aid0001,2019-08-29,14025.0,0.1061,0.8646,"(0.1061,0.8646)",0.2350436,0.1732701,0.0300225,0.2538,0.4302,0.1423,0.1061,0.1362
MOD13Q1_061__250m_16_days_NDVI_doy2020145000000_aid0001,_250m_16_days_NDVI,aid0001,2020-05-24,14025.0,0.0979,0.8762,"(0.0979,0.8762)",0.2309173,0.1667459,0.0278042,0.2482,0.4128,0.1445,0.0979,0.1384
MOD13Q1_061__250m_16_days_NDVI_doy2020161000000_aid0001,_250m_16_days_NDVI,aid0001,2020-06-09,14025.0,0.097,0.8427,"(0.097,0.8427)",0.2167639,0.1477106,0.0218184,0.2149,0.3315,0.143,0.097,0.1371
MOD13Q1_061__250m_16_days_NDVI_doy2020177000000_aid0001,_250m_16_days_NDVI,aid0001,2020-06-25,14025.0,0.0914,0.8968,"(0.0914,0.8968)",0.2325391,0.1792444,0.0321286,0.2221,0.3471,0.1443,0.0914,0.1386
MOD13Q1_061__250m_16_days_NDVI_doy2020193000000_aid0001,_250m_16_days_NDVI,aid0001,2020-07-11,14025.0,0.1009,0.8705,"(0.1009,0.8705)",0.2247328,0.1647833,0.0271535,0.2187,0.3401,0.143,0.1009,0.1375
MOD13Q1_061__250m_16_days_NDVI_doy2020209000000_aid0001,_250m_16_days_NDVI,aid0001,2020-07-27,14025.0,0.0883,0.8673,"(0.0883,0.8673)",0.2306579,0.1766694,0.0312121,0.2207,0.3459,0.1425,0.0883,0.1372
MOD13Q1_061__250m_16_days_NDVI_doy2020225000000_aid0001,_250m_16_days_NDVI,aid0001,2020-08-12,14025.0,0.0984,0.8819,"(0.0984,0.8819)",0.2319805,0.1758157,0.0309112,0.2289,0.3643,0.1449,0.0984,0.1386
MOD13Q1_061__250m_16_days_NDVI_doy2020241000000_aid0001,_250m_16_days_NDVI,aid0001,2020-08-28,14025.0,0.1044,0.8156,"(0.1044,0.8156)",0.2252195,0.1594716,0.0254312,0.2261,0.3564,0.1448,0.1044,0.1392
MOD13Q1_061__250m_16_days_NDVI_doy2021145000000_aid0001,_250m_16_days_NDVI,aid0001,2021-05-25,14025.0,0.1021,0.859,"(0.1021,0.859)",0.2239753,0.1611615,0.025973,0.2263,0.3617,0.1415,0.1021,0.1358
MOD13Q1_061__250m_16_days_NDVI_doy2021161000000_aid0001,_250m_16_days_NDVI,aid0001,2021-06-10,14025.0,0.1017,0.887,"(0.1017,0.887)",0.2211585,0.1680547,0.0282424,0.2042,0.3089,0.1397,0.1017,0.1344
MOD13Q1_061__250m_16_days_NDVI_doy2021177000000_aid0001,_250m_16_days_NDVI,aid0001,2021-06-26,14025.0,0.0978,0.8692,"(0.0978,0.8692)",0.2229769,0.1683895,0.028355,0.2103,0.3238,0.1397,0.0978,0.1346
MOD13Q1_061__250m_16_days_NDVI_doy2021193000000_aid0001,_250m_16_days_NDVI,aid0001,2021-07-12,14025.0,0.0978,0.8617,"(0.0978,0.8617)",0.2166419,0.1533301,0.0235101,0.2103,0.3234,0.1399,0.0978,0.1348
MOD13Q1_061__250m_16_days_NDVI_doy2021209000000_aid0001,_250m_16_days_NDVI,aid0001,2021-07-28,14025.0,0.1028,0.8605,"(0.1028,0.8605)",0.2286562,0.1634591,0.0267189,0.2372,0.3858,0.1442,0.1028,0.1381
MOD13Q1_061__250m_16_days_NDVI_doy2021225000000_aid0001,_250m_16_days_NDVI,aid0001,2021-08-13,14025.0,0.0946,0.872,"(0.0946,0.872)",0.2336919,0.176393,0.0311145,0.2457,0.4107,0.1414,0.0946,0.1357
MOD13Q1_061__250m_16_days_NDVI_doy2021241000000_aid0001,_250m_16_days_NDVI,aid0001,2021-08-29,14025.0,0.1034,0.8693,"(0.1034,0.8693)",0.2300671,0.1681093,0.0282607,0.2482,0.4175,0.1407,0.1034,0.1352
MOD13Q1_061__250m_16_days_NDVI_doy2022145000000_aid0001,_250m_16_days_NDVI,aid0001,2022-05-25,14025.0,0.0947,0.851,"(0.0947,0.851)",0.2122178,0.1403077,0.0196862,0.2255,0.3664,0.1406,0.0947,0.1315
MOD13Q1_061__250m_16_days_NDVI_doy2022161000000_aid0001,_250m_16_days_NDVI,aid0001,2022-06-10,14025.0,0.0944,0.8653,"(0.0944,0.8653)",0.2150357,0.1594502,0.0254244,0.2002,0.2995,0.1392,0.0944,0.1339
MOD13Q1_061__250m_16_days_NDVI_doy2022177000000_aid0001,_250m_16_days_NDVI,aid0001,2022-06-26,14025.0,0.0972,0.8878,"(0.0972,0.8878)",0.2188666,0.1668865,0.0278511,0.199,0.2948,0.1401,0.0972,0.135
MOD13Q1_061__250m_16_days_NDVI_doy2022193000000_aid0001,_250m_16_days_NDVI,aid0001,2022-07-12,14025.0,0.0979,0.8666,"(0.0979,0.8666)",0.2218708,0.1641498,0.0269452,0.2237,0.3587,0.139,0.0979,0.1337
MOD13Q1_061__250m_16_days_NDVI_doy2022209000000_aid0001,_250m_16_days_NDVI,aid0001,2022-07-28,14025.0,0.103,0.8187,"(0.103,0.8187)",0.2312569,0.1592848,0.0253717,0.2558,0.4329,0.144,0.103,0.1377
MOD13Q1_061__250m_16_days_NDVI_doy2022225000000_aid0001,_250m_16_days_NDVI,aid0001,2022-08-13,14025.0,0.0962,0.8752,"(0.0962,0.8752)",0.247056,0.1818784,0.0330797,0.2939,0.5289,0.1438,0.0962,0.1372
MOD13Q1_061__250m_16_days_NDVI_doy2022241000000_aid0001,_250m_16_days_NDVI,aid0001,2022-08-29,14025.0,0.1012,0.8116,"(0.1012,0.8116)",0.2462967,0.1757009,0.0308708,0.3026,0.5502,0.144,0.1012,0.1375
